GeneID,ParalogID,PercIDqt,PercIDtq,dS,dN,LCA
DDB_G0287425,DDB_G0287423,71.0317,70.751,1.2474,0.1748,Dictyostelium discoideum AX4
DDB_G0287483,DDB_G0295701,63.6637,64.8318,0.5964,0.2225,Dictyostelium discoideum AX4
DDB_G0287583,DDB_G0287293,95.2756,95.2756,0.5144,0.0224,Dictyostelium discoideum AX4
DDB_G0287821,DDB_G0287819,96.9697,96.9697,0.2261,0.0173,Dictyostelium discoideum AX4
DDB_G0288093,DDB_G0287859,41.4557,37.3219,2.5605,0.5331,Dictyostelium discoideum AX4
DDB_G0288239,DDB_G0288195,64.1249,64.3885,1.1351,0.2614,Dictyostelium discoideum AX4
DDB_G0288261,DDB_G0288253,54.9915,56.6202,2.4478,0.2975,Dictyostelium discoideum AX4
DDB_G0288265,DDB_G0287811,37.2549,37.2549,2.2288,0.6441,Eukaryota
DDB_G0288317,DDB_G0288301,59.9572,61.5836,1.0772,0.2586,Dictyostelium discoideum AX4
DDB_G0288373,DDB_G0287685,75.8499,77.1156,2.085,0.1398,Dictyostelium
DDB_G0288399,DDB_G0288397,52.2727,63.0137,0.5914,0.2504,Dictyostelium discoideum AX4
DDB_G0288509,DDB_G0288503,64.9231,68.9542,2.4802,0.1869,Dictyostelium discoideum AX4
DDB_G0288737,DDB_G0288713,66.3366,66.0098,0.4191,0.1796,Dictyostelium discoideum AX4
DDB_G0288791,DDB_G0288789,83.4667,83.4667,0.1356,0.0719,Dictyostelium discoideum AX4
DDB_G0288943,DDB_G0287973,77.2595,77.9412,0.7075,0.1198,Dictyostelium discoideum AX4
DDB_G0289005,DDB_G0288879,100.0,100.0,0.0,0.0,Dictyosteliales
DDB_G0289129,DDB_G0289127,63.986,62.2449,1.9435,0.2317,Dictyostelium discoideum AX4
DDB_G0289253,DDB_G0289205,68.5,68.5,1.0866,0.1862,Dictyostelium discoideum AX4
DDB_G0289399,DDB_G0287667,89.5238,98.3558,0.0065,0.0055,Dictyostelium discoideum AX4
DDB_G0289407,DDB_G0295749,95.0963,67.6214,0.0461,0.0279,Dictyostelium discoideum AX4
DDB_G0289391,DDB_G0289439,78.3582,82.6772,0.1838,0.1008,Dictyostelium discoideum AX4
DDB_G0289511,DDB_G0289533,89.2473,94.051,0.0141,0.0229,Eukaryota
DDB_G0289739,DDB_G0289633,36.9128,40.146,0.7958,0.3725,Dictyostelium discoideum AX4
DDB_G0289753,DDB_G0289717,73.8602,63.9474,0.3283,0.1758,Dictyostelium discoideum AX4
DDB_G0289813,DDB_G0289283,96.4889,96.4889,0.034,0.0156,Dictyostelium discoideum AX4
DDB_G0289927,DDB_G0289925,68.2836,69.1871,2.0058,0.1827,Dictyostelium discoideum AX4
DDB_G0289939,DDB_G0289937,67.1642,60.1852,0.7094,0.2402,Dictyostelium discoideum AX4
DDB_G0290061,DDB_G0290037,57.4377,54.9353,1.2611,0.3029,Dictyostelium discoideum AX4
DDB_G0290091,DDB_G0288101,88.7931,88.7931,0.2409,0.0421,Dictyostelium discoideum AX4
DDB_G0290349,DDB_G0290285,75.7317,87.4648,0.249,0.057,Dictyostelium discoideum AX4
DDB_G0290259,DDB_G0290257,85.0685,84.6049,0.1602,0.0722,Dictyostelium discoideum AX4
DDB_G0290265,DDB_G0290261,83.7802,83.1117,0.1888,0.0894,Dictyostelium discoideum AX4
DDB_G0290537,DDB_G0290479,82.1862,82.1862,0.4116,0.1068,Dictyostelium discoideum AX4
DDB_G0290563,DDB_G0289883,97.526,97.526,0.0231,0.0123,Dictyostelium discoideum AX4
DDB_G0290639,DDB_G0290571,44.3515,51.6234,1.4211,0.3256,Dictyostelium discoideum AX4
DDB_G0290737,DDB_G0290699,88.3773,89.1813,0.1827,0.05,Dictyostelium discoideum AX4
DDB_G0290743,DDB_G0290707,98.2072,85.7391,0.037,0.0071,Dictyostelium discoideum AX4
DDB_G0294571,DDB_G0290829,63.8614,63.5468,0.8075,0.2328,Dictyostelium discoideum AX4
DDB_G0290791,DDB_G0290833,52.1127,75.5102,0.3162,0.1745,Dictyostelium discoideum AX4
DDB_G0290793,DDB_G0290789,61.1111,71.7391,0.4243,0.1644,Dictyostelium discoideum AX4
DDB_G0290821,DDB_G0290805,67.4528,72.0403,0.7061,0.1943,Dictyostelium discoideum AX4
DDB_G0290887,DDB_G0290885,82.7778,82.7778,0.2502,0.0965,Dictyostelium discoideum AX4
DDB_G0290943,DDB_G0290937,89.9457,90.6692,0.1529,0.0395,Dictyostelium discoideum AX4
DDB_G0290961,DDB_G0290883,95.6522,95.6522,0.0596,0.0171,Dictyostelium discoideum AX4
DDB_G0291045,DDB_G0291027,90.6845,89.547,0.154,0.0443,Dictyostelium discoideum AX4
DDB_G0291065,DDB_G0290813,97.6693,36.0508,0.0522,0.0126,Dictyostelium discoideum AX4
DDB_G0291089,DDB_G0291001,58.3333,51.2195,1.7619,0.3101,Dictyostelium discoideum AX4
DDB_G0291121,DDB_G0290975,99.1098,99.1098,0.0233,0.0035,Dictyostelium discoideum AX4
DDB_G0291171,DDB_G0291169,53.8721,54.6075,2.9104,0.3229,Dictyostelium discoideum AX4
DDB_G0267194,DDB_G0294270,82.2917,88.764,0.042,0.0597,Dictyostelium discoideum AX4
DDB_G0267196,DDB_G0294272,72.9167,56.9106,0.0639,0.0967,Dictyostelium discoideum AX4
DDB_G0267252,DDB_G0267230,99.2188,99.2188,0.0067,0.0033,Dictyostelium discoideum AX4
DDB_G0267284,DDB_G0267234,56.1905,96.7213,0.0235,0.0149,Dictyostelium discoideum AX4
DDB_G0267544,DDB_G0268272,80.625,80.625,0.2851,0.0889,Dictyostelium discoideum AX4
DDB_G0267564,DDB_G0267562,45.3263,49.4231,1.86,0.3929,Dictyostelium discoideum AX4
DDB_G0267616,DDB_G0290837,83.1357,84.3583,0.1047,0.0956,Dictyostelium discoideum AX4
DDB_G0267654,DDB_G0268490,92.1082,91.7978,0.1753,0.037,Dictyostelium discoideum AX4
DDB_G0268314,DDB_G0267692,70.9814,69.6844,1.146,0.1942,Dictyostelium discoideum AX4
DDB_G0267726,DDB_G0268332,100.0,100.0,0.0,0.0,Dictyostelium discoideum AX4
DDB_G0268544,DDB_G0268540,94.508,94.508,0.1864,0.0235,Dictyostelium discoideum AX4
DDB_G0267440,DDB_G0267406,37.3556,37.2123,2.4697,0.5588,Dictyostelium
DDB_G0268000,DDB_G0268556,87.8,79.529,0.3154,0.0625,Dictyostelium discoideum AX4
DDB_G0268096,DDB_G0268554,30.3226,50.1333,1.732,0.3901,Dictyostelium discoideum AX4
DDB_G0268122,DDB_G0268434,55.7851,81.3253,0.3119,0.0937,Dictyostelium discoideum AX4
DDB_G0268148,DDB_G0268146,75.4286,76.5217,0.4739,0.1294,Dictyostelium discoideum AX4
DDB_G0268174,DDB_G0268172,98.8506,98.8506,0.1476,0.0051,Dictyostelium discoideum AX4
DDB_G0268208,DDB_G0267896,69.7115,69.0476,2.3243,0.1895,Dictyostelium discoideum AX4
DDB_G0268662,DDB_G0268660,79.6024,73.0083,0.2744,0.1108,Dictyostelium discoideum AX4
DDB_G0268676,DDB_G0268672,96.4912,94.8276,0.043,0.0141,Dictyostelium discoideum AX4
DDB_G0268948,DDB_G0288011,69.4981,60.8108,1.3694,0.1886,Dictyostelium discoideum AX4
DDB_G0268962,DDB_G0294238,59.3886,89.4737,0.1301,0.0639,Dictyostelium discoideum AX4
DDB_G0268740,DDB_G0268964,66.7598,57.5904,0.8012,0.1851,Dictyostelium discoideum AX4
DDB_G0268756,DDB_G0289363,50.4065,50.4065,1.8148,0.3714,Dictyostelium discoideum AX4
DDB_G0268784,DDB_G0268996,69.14,61.5616,0.928,0.1929,Dictyostelium discoideum AX4
DDB_G0268828,DDB_G0269008,72.1088,69.7368,0.3469,0.1783,Dictyostelium discoideum AX4
DDB_G0269012,DDB_G0269066,32.0755,57.3034,0.8153,0.3389,Dictyostelium discoideum AX4
DDB_G0268846,DDB_G0268844,64.1997,64.1997,1.0581,0.2468,Dictyostelium discoideum AX4
DDB_G0269262,DDB_G0268910,74.3243,75.6881,0.3891,0.1308,Dictyostelium discoideum AX4
DDB_G0269270,DDB_G0269256,100.0,100.0,0.0,0.0,Dictyostelium discoideum AX4
DDB_G0270518,DDB_G0269436,93.2584,93.2584,0.225,0.0301,Dictyostelium discoideum AX4
DDB_G0269134,DDB_G0269136,100.0,100.0,0.0,0.0,Dictyostelium discoideum AX4
DDB_G0269508,DDB_G0269504,97.8903,97.8903,0.0919,0.0083,Dictyostelium discoideum AX4
DDB_G0269520,DDB_G0269518,100.0,100.0,0.0,0.0,Dictyostelium discoideum AX4
DDB_G0269540,DDB_G0269538,98.7288,98.3122,0.1349,0.0051,Dictyostelium discoideum AX4
DDB_G0269556,DDB_G0270554,67.9825,66.5236,0.4499,0.1522,Dictyostelium discoideum AX4
DDB_G0270556,DDB_G0289379,71.1712,70.9581,2.0983,0.1802,Dictyostelium discoideum AX4
DDB_G0269212,DDB_G0269210,92.0083,91.8169,0.1909,0.042,Dictyostelium discoideum AX4
DDB_G0269606,DDB_G0270574,53.7152,47.9282,2.1324,0.3352,Dictyostelium discoideum AX4
DDB_G0270600,DDB_G0290543,59.7122,50.7645,0.7944,0.2536,Dictyostelium discoideum AX4
DDB_G0270604,DDB_G0295751,97.5904,97.5904,0.0709,0.0093,Dictyostelium discoideum AX4
DDB_G0270946,DDB_G0269788,76.2963,77.1536,0.8658,0.1151,Dictyostelium discoideum AX4
DDB_G0270958,DDB_G0270850,81.8966,82.5062,0.1292,0.081,Dictyostelium discoideum AX4
DDB_G0270962,DDB_G0270480,95.7519,96.5603,0.0408,0.0132,Dictyostelium discoideum AX4
DDB_G0270644,DDB_G0289221,83.9461,84.7772,0.1286,0.0921,Dictyostelium discoideum AX4
DDB_G0269156,DDB_G0291127,60.0473,60.261,1.9833,0.3005,Amoebozoa
DDB_G0270994,DDB_G0270670,65.4206,65.0406,1.4975,0.2528,Eukaryota
DDB_G0269930,DDB_G0267908,62.6263,63.2653,2.6355,0.2547,Dictyostelium discoideum AX4
DDB_G0270018,DDB_G0270016,60.2649,58.147,2.3615,0.2357,Dictyostelium discoideum AX4
DDB_G0270032,DDB_G0270030,85.0704,84.5938,0.3109,0.0776,Dictyostelium discoideum AX4
DDB_G0270720,DDB_G0290423,46.2069,51.6378,1.3178,0.4014,Dictyostelium discoideum AX4
DDB_G0270060,DDB_G0270058,92.7001,92.7001,0.0908,0.0373,Dictyostelium discoideum AX4
DDB_G0270066,DDB_G0271024,69.5697,35.5311,0.5802,0.1863,Dictyostelium discoideum AX4
DDB_G0270078,DDB_G0270076,98.7342,98.7342,0.1045,0.0052,Dictyostelium discoideum AX4
DDB_G0270086,DDB_G0269882,66.4835,67.5978,2.3756,0.1815,Dictyostelium discoideum AX4
DDB_G0270134,DDB_G0270132,69.9346,70.3947,0.7611,0.2024,Dictyostelium discoideum AX4
DDB_G0270140,DDB_G0270126,86.5741,87.3832,0.6302,0.0718,Dictyostelium discoideum AX4
DDB_G0270214,DDB_G0270212,99.2366,99.2366,0.0668,0.0029,Dictyostelium discoideum AX4
DDB_G0269208,DDB_G0269206,89.0959,89.0959,0.3726,0.0569,Dictyostelium discoideum AX4
DDB_G0271062,DDB_G0271060,55.5398,43.4444,2.6691,0.2943,Dictyostelium discoideum AX4
DDB_G0270290,DDB_G0270288,99.2754,99.2754,0.0669,0.0031,Dictyostelium discoideum AX4
DDB_G0269116,DDB_G0270788,84.9624,84.3284,0.1847,0.0866,Dictyostelium discoideum AX4
DDB_G0270366,DDB_G0270330,97.6699,97.6699,0.0169,0.0112,Dictyostelium discoideum AX4
DDB_G0270368,DDB_G0270328,99.1892,99.1892,0.0155,0.0031,Dictyostelium discoideum AX4
DDB_G0270376,DDB_G0270798,91.25,87.9518,0.3128,0.0294,Dictyostelium discoideum AX4
DDB_G0270838,DDB_G0271092,91.1765,91.1765,0.863,0.0614,Dictyostelium discoideum AX4
DDB_G0291426,DDB_G0291410,91.2281,89.9654,0.1869,0.0429,Dictyostelium discoideum AX4
DDB_G0291245,DDB_G0267438,61.6903,61.3121,2.3757,0.2688,Dictyostelium discoideum AX4
DDB_G0291666,DDB_G0291622,94.208,94.4313,0.0903,0.0246,Dictyostelium discoideum AX4
DDB_G0291540,DDB_G0291644,56.8401,52.8674,0.6173,0.2861,Dictyostelium discoideum AX4
DDB_G0291684,DDB_G0291614,93.4561,93.8238,0.1714,0.0288,Dictyostelium discoideum AX4
DDB_G0291616,DDB_G0291580,84.4828,84.2407,0.3525,0.0739,Dictyostelium discoideum AX4
DDB_G0291738,DDB_G0290783,86.25,70.4082,0.5373,0.0619,Dictyostelium discoideum AX4
DDB_G0291748,DDB_G0291706,43.9834,43.0894,1.8867,0.4851,Dictyostelids
DDB_G0291772,DDB_G0291758,55.9194,78.7234,0.2132,0.1061,Dictyostelium discoideum AX4
DDB_G0291720,DDB_G0291722,51.9016,54.5882,2.6348,0.3505,Dictyostelium discoideum AX4
DDB_G0291928,DDB_G0269458,100.0,100.0,0.0,0.0,Dictyostelium discoideum AX4
DDB_G0292006,DDB_G0290449,48.8599,46.729,2.4819,0.3783,Dictyostelium discoideum AX4
DDB_G0292028,DDB_G0292016,45.4248,44.7425,1.9105,0.4611,Dictyostelium
DDB_G0292156,DDB_G0292064,74.7807,75.2759,0.7021,0.1358,Dictyostelium discoideum AX4
DDB_G0292092,DDB_G0269958,92.562,91.8033,0.0445,0.0294,Dictyostelium discoideum AX4
DDB_G0292182,DDB_G0292180,90.4762,43.401,0.0458,0.0384,Dictyostelium discoideum AX4
DDB_G0292188,DDB_G0269482,64.4022,63.2,1.7959,0.2486,Dictyostelium discoideum AX4
DDB_G0292248,DDB_G0287581,58.8015,50.0,2.1022,0.2982,Dictyostelids
DDB_G0292380,DDB_G0292378,60.4534,56.7376,2.0896,0.2829,Dictyostelium discoideum AX4
DDB_G0292738,DDB_G0268206,93.266,92.6421,0.3994,0.0283,Dictyostelium discoideum AX4
DDB_G0292824,DDB_G0292822,73.1219,73.3668,0.9343,0.1458,Dictyostelium discoideum AX4
DDB_G0292962,DDB_G0292844,93.3962,92.9577,0.1045,0.0313,Dictyostelium discoideum AX4
DDB_G0292936,DDB_G0292934,81.6667,77.7778,0.1352,0.0713,Dictyostelium discoideum AX4
DDB_G0293162,DDB_G0293026,76.9697,76.9697,0.3721,0.1154,Dictyostelium discoideum AX4
DDB_G0293324,DDB_G0293268,86.9565,86.9565,0.0263,0.0572,Dictyostelium discoideum AX4
DDB_G0293358,DDB_G0293356,67.0588,61.2903,1.2567,0.2835,Dictyostelium discoideum AX4
DDB_G0293410,DDB_G0293382,100.0,100.0,0.0,0.0,Dictyostelium discoideum AX4
DDB_G0293488,DDB_G0293442,62.5323,100.0,0.0,0.0,Dictyostelium discoideum AX4
DDB_G0293698,DDB_G0293696,86.076,86.076,0.3709,0.0772,Dictyostelium discoideum AX4
DDB_G0293538,DDB_G0268374,77.7159,78.1513,1.5602,0.1255,Dictyostelium discoideum AX4
DDB_G0293594,DDB_G0293592,65.625,64.4172,0.7998,0.2045,Dictyostelium discoideum AX4
DDB_G0293722,DDB_G0293720,59.0813,58.2173,1.3281,0.2485,Dictyostelium discoideum AX4
DDB_G0293724,DDB_G0290465,78.4173,78.4173,1.5071,0.1228,Dictyostelium discoideum AX4
DDB_G0293674,DDB_G0269144,78.5938,79.8413,1.65,0.101,Dictyostelium
DDB_G0293760,DDB_G0270080,85.0877,85.0877,0.7077,0.075,Dictyostelium discoideum AX4
DDB_G0293794,DDB_G0293792,41.2844,50.9915,0.5269,0.3381,Dictyostelium discoideum AX4
DDB_G0293888,DDB_G0293886,61.0272,54.7425,1.8378,0.2733,Dictyostelium discoideum AX4
DDB_G0293970,DDB_G0294366,97.2973,87.0968,0.0133,0.012,Dictyostelium discoideum AX4
DDB_G0293910,DDB_G0293906,98.0952,98.0952,0.0,0.0073,Dictyostelium discoideum AX4
DDB_G0271330,DDB_G0271362,80.0,81.6467,0.2089,0.073,Dictyostelium discoideum AX4
DDB_G0271314,DDB_G0271134,55.8865,86.7841,0.4446,0.0801,Dictyostelium discoideum AX4
DDB_G0271260,DDB_G0293422,79.7101,79.7101,0.5947,0.1143,Dictyostelium discoideum AX4
DDB_G0271234,DDB_G0271238,53.3948,53.0391,1.5062,0.3696,Dictyostelium discoideum AX4
DDB_G0271408,DDB_G0271228,76.424,75.2336,0.3171,0.1229,Dictyostelium discoideum AX4
DDB_G0271418,DDB_G0294188,100.0,100.0,0.0,0.0,Dictyostelium discoideum AX4
DDB_G0271178,DDB_G0271196,83.0189,83.0189,0.1066,0.1038,Dictyostelium discoideum AX4
DDB_G0271528,DDB_G0269532,42.6523,92.2481,0.1161,0.0425,Dictyostelium discoideum AX4
DDB_G0271618,DDB_G0295667,100.0,100.0,0.0,0.0,Dictyostelium discoideum AX4
DDB_G0271530,DDB_G0295659,100.0,100.0,0.0,0.0,Dictyostelium discoideum AX4
DDB_G0271532,DDB_G0295661,100.0,100.0,0.0,0.0,Dictyostelium discoideum AX4
DDB_G0271636,DDB_G0271634,65.0602,63.2812,1.1516,0.238,Dictyostelium discoideum AX4
DDB_G0271646,DDB_G0271586,60.4396,66.345,0.5908,0.1953,Dictyostelium discoideum AX4
DDB_G0271658,DDB_G0271588,65.7895,52.6316,0.3789,0.2318,Dictyostelium discoideum AX4
DDB_G0271746,DDB_G0292512,100.0,100.0,0.0,0.0,Dictyostelium discoideum AX4
DDB_G0271696,DDB_G0271666,75.8285,76.1252,0.4289,0.1321,Dictyostelium discoideum AX4
DDB_G0271684,DDB_G0271686,64.3709,60.9023,1.2756,0.2392,Dictyostelium discoideum AX4
DDB_G0271718,DDB_G0271818,100.0,98.8764,0.0,0.0,Dictyostelium discoideum AX4
DDB_G0271720,DDB_G0271820,91.5698,92.1053,0.1613,0.041,Dictyostelium discoideum AX4
DDB_G0271740,DDB_G0271680,97.9104,97.9104,0.1995,0.0082,Dictyostelium discoideum AX4
DDB_G0271872,DDB_G0271878,93.1034,93.1034,0.0913,0.0294,Dictyostelium discoideum AX4
DDB_G0295807,DDB_G0292574,69.8962,66.6667,1.6652,0.1731,Dictyostelium discoideum AX4
DDB_G0271920,DDB_G0292598,73.1343,70.0,0.5242,0.1728,Dictyostelium discoideum AX4
DDB_G0272030,DDB_G0271914,82.5893,82.2222,0.6021,0.1096,Dictyostelium discoideum AX4
DDB_G0272316,DDB_G0271656,77.2727,80.9524,0.4818,0.1035,Dictyostelium discoideum AX4
DDB_G0272366,DDB_G0272364,72.3125,83.7814,0.2993,0.0828,Dictyostelium discoideum AX4
DDB_G0272172,DDB_G0272422,76.386,76.386,0.5898,0.135,Dictyostelium discoideum AX4
DDB_G0272170,DDB_G0272276,77.6524,78.3599,0.8161,0.1237,Dictyostelium discoideum AX4
DDB_G0272160,DDB_G0272436,49.5868,50.8475,0.521,0.3638,Dictyostelium discoideum AX4
DDB_G0272210,DDB_G0272208,69.1748,66.5888,0.8602,0.216,Eukaryota
DDB_G0272300,DDB_G0272216,85.7562,88.7538,0.2067,0.0506,Dictyostelium discoideum AX4
DDB_G0272306,DDB_G0272240,65.4545,65.0113,1.3947,0.2124,Dictyostelium discoideum AX4
DDB_G0272947,DDB_G0272724,58.6538,65.5914,1.4183,0.3,Dictyostelium discoideum AX4
DDB_G0272688,DDB_G0267842,68.3007,69.8997,1.5194,0.179,Dictyostelium discoideum AX4
DDB_G0272833,DDB_G0272562,83.4951,84.3137,0.1099,0.0918,Dictyostelium discoideum AX4
DDB_G0272762,DDB_G0272853,80.8,78.2946,0.1973,0.0517,Dictyostelium discoideum AX4
DDB_G0272744,DDB_G0272228,88.5057,84.6154,0.3135,0.0474,Dictyostelium discoideum AX4
DDB_G0273021,DDB_G0272654,97.7273,98.8506,0.1861,0.0047,Dictyostelium discoideum AX4
DDB_G0272927,DDB_G0272658,95.5056,95.5056,0.1358,0.0239,Dictyostelium discoideum AX4
DDB_G0274339,DDB_G0269588,38.8325,36.7788,2.3637,0.5532,Eukaryota
DDB_G0274299,DDB_G0269702,92.7711,92.7711,0.0246,0.04,Dictyostelium discoideum AX4
DDB_G0274245,DDB_G0270050,71.3636,71.3636,1.6791,0.1718,Dictyostelium discoideum AX4
DDB_G0274669,DDB_G0272012,65.8784,77.6892,1.2235,0.1403,Dictyostelium discoideum AX4
DDB_G0274117,DDB_G0274115,74.6081,76.0383,1.3902,0.1422,Dictyostelium discoideum AX4
DDB_G0274643,DDB_G0269106,71.7391,72.2628,1.2813,0.1739,Dictyostelium discoideum AX4
DDB_G0274427,DDB_G0274431,79.3028,51.4851,0.3275,0.0919,Dictyostelium discoideum AX4
DDB_G0274951,DDB_G0269072,53.125,60.7143,0.557,0.2121,Dictyostelium discoideum AX4
DDB_G0274637,DDB_G0274949,84.8333,77.2382,0.2354,0.0745,Dictyostelium discoideum AX4
DDB_G0274185,DDB_G0287323,87.2093,87.2093,1.1854,0.064,Dictyostelium discoideum AX4
DDB_G0275133,DDB_G0274143,70.7627,72.2944,0.6468,0.202,Dictyostelium discoideum AX4
DDB_G0275243,DDB_G0274237,96.3303,96.3303,0.7064,0.0278,Dictyostelium discoideum AX4
DDB_G0275119,DDB_G0275123,93.3702,93.3702,0.2526,0.0382,Dictyostelium discoideum AX4
DDB_G0275077,DDB_G0275069,95.7357,95.6989,0.0719,0.0195,Dictyostelium discoideum AX4
DDB_G0275159,DDB_G0274269,78.3951,81.7597,0.8797,0.0887,Dictyostelium discoideum AX4
DDB_G0275191,DDB_G0275293,84.5528,84.7826,0.6245,0.081,Dictyostelium discoideum AX4
DDB_G0275031,DDB_G0271972,73.6111,75.7143,0.3127,0.136,Dictyostelium discoideum AX4
DDB_G0275335,DDB_G0270054,73.6434,67.3759,0.9075,0.1491,Dictyostelium discoideum AX4
DDB_G0275349,DDB_G0292542,99.0476,99.0476,0.0,0.0039,Dictyostelium discoideum AX4
DDB_G0275355,DDB_G0287377,38.3405,37.535,2.0511,0.6111,Eukaryota
DDB_G0275949,DDB_G0293998,75.0,91.2,0.0338,0.0444,Dictyostelium discoideum AX4
DDB_G0275691,DDB_G0293996,46.9697,35.0943,1.3373,0.4805,Dictyostelium discoideum AX4
DDB_G0275807,DDB_G0275579,70.9677,70.9677,0.7416,0.1724,Dictyostelium discoideum AX4
DDB_G0275827,DDB_G0275825,84.6154,91.6667,0.0368,0.0147,Dictyostelium discoideum AX4
DDB_G0275659,DDB_G0271042,93.8939,93.988,0.0581,0.0282,Dictyostelium discoideum AX4
DDB_G0275481,DDB_G0269068,61.2717,59.2179,0.7343,0.2196,Dictyostelium discoideum AX4
DDB_G0275483,DDB_G0268732,90.4762,90.4762,0.3403,0.043,Dictyostelium discoideum AX4
DDB_G0275501,DDB_G0275499,95.2174,94.8052,0.1278,0.024,Dictyostelium discoideum AX4
DDB_G0275463,DDB_G0275489,81.4815,80.4878,0.1125,0.1108,Dictyostelium discoideum AX4
DDB_G0275987,DDB_G0275991,33.6207,33.4286,2.7345,0.6041,Eukaryota
DDB_G0275961,DDB_G0275963,71.5812,78.271,0.6544,0.0998,Dictyostelium discoideum AX4
DDB_G0276095,DDB_G0276219,59.375,73.7443,0.4559,0.1649,Dictyostelium discoideum AX4
DDB_G0276089,DDB_G0276091,38.8235,34.4383,1.7368,0.6739,Dictyostelium discoideum AX4
DDB_G0276187,DDB_G0276025,54.8015,67.4016,1.112,0.196,Dictyostelium discoideum AX4
DDB_G0276245,DDB_G0276065,93.4713,93.3227,0.1372,0.0325,Dictyostelium discoideum AX4
DDB_G0276299,DDB_G0290377,55.8889,51.379,1.7173,0.3284,Dictyostelium discoideum AX4
DDB_G0276275,DDB_G0276277,58.0786,54.5082,1.8944,0.2678,Dictyostelium discoideum AX4
DDB_G0276403,DDB_G0271218,62.0858,61.1324,0.5921,0.2356,Dictyostelium discoideum AX4
DDB_G0276417,DDB_G0268020,32.4324,33.7079,2.8831,0.6484,Eukaryota
DDB_G0276479,DDB_G0274597,41.0853,47.7477,2.9004,0.4908,Dictyostelium
DDB_G0276575,DDB_G0276469,64.1791,68.4713,1.0846,0.1937,Dictyostelium discoideum AX4
DDB_G0276591,DDB_G0276585,94.3396,94.3396,0.0956,0.023,Dictyostelium discoideum AX4
DDB_G0276607,DDB_G0276587,93.9698,82.3789,0.1108,0.0318,Dictyostelium discoideum AX4
DDB_G0276601,DDB_G0276603,98.374,98.374,0.0766,0.0082,Dictyostelium discoideum AX4
DDB_G0276595,DDB_G0276605,100.0,100.0,0.0,0.0,Dictyostelium discoideum AX4
DDB_G0276633,DDB_G0290623,66.0912,64.5006,2.4333,0.2152,Dictyostelium discoideum AX4
DDB_G0276707,DDB_G0276613,100.0,100.0,0.0,0.0,Dictyostelium discoideum AX4
DDB_G0276705,DDB_G0276697,96.4126,96.4126,0.113,0.0151,Dictyostelium discoideum AX4
DDB_G0276751,DDB_G0276703,100.0,100.0,0.0,0.0,Dictyostelium discoideum AX4
DDB_G0276743,DDB_G0276723,86.7924,74.1936,0.1891,0.0799,Dictyostelium discoideum AX4
DDB_G0276737,DDB_G0276749,92.4528,92.4528,0.1302,0.0315,Dictyostelium discoideum AX4
DDB_G0276925,DDB_G0276921,83.9844,84.3137,0.2437,0.0766,Dictyostelium discoideum AX4
DDB_G0276967,DDB_G0269176,93.7824,93.7824,0.1647,0.024,Dictyostelium discoideum AX4
DDB_G0276905,DDB_G0292658,50.5814,49.2918,2.9834,0.3764,Dictyostelium
DDB_G0277031,DDB_G0276897,58.7525,57.2549,1.4112,0.2872,Dictyostelium discoideum AX4
DDB_G0277059,DDB_G0276819,91.1765,31.5522,0.0797,0.029,Dictyostelium discoideum AX4
DDB_G0277119,DDB_G0276951,96.1353,94.3128,0.0838,0.0163,Dictyostelium discoideum AX4
DDB_G0276957,DDB_G0277117,87.3874,85.8407,0.3251,0.0515,Dictyostelium discoideum AX4
DDB_G0277125,DDB_G0277123,93.2432,62.7273,0.0624,0.0225,Dictyostelium discoideum AX4
DDB_G0277321,DDB_G0270204,46.6527,46.0744,2.1535,0.4577,Dictyostelium discoideum AX4
DDB_G0277183,DDB_G0276863,100.0,100.0,0.0,0.0,Dictyostelium discoideum AX4
DDB_G0277355,DDB_G0292096,85.6698,91.9732,0.2681,0.0435,Dictyostelium discoideum AX4
DDB_G0277409,DDB_G0277411,74.3363,75.0,1.1483,0.1547,Dictyostelium discoideum AX4
DDB_G0277423,DDB_G0277415,99.6403,99.6403,0.0059,0.0016,Dictyostelium discoideum AX4
DDB_G0277421,DDB_G0277417,99.6403,99.6403,0.0699,0.0015,Dictyostelium discoideum AX4
DDB_G0277437,DDB_G0277157,48.6792,40.9524,2.7712,0.4102,Eukaryota
DDB_G0277557,DDB_G0277431,66.454,65.7942,1.2597,0.2314,Dictyostelium discoideum AX4
DDB_G0277447,DDB_G0277443,84.3137,87.7551,0.1302,0.0657,Dictyostelium discoideum AX4
DDB_G0277731,DDB_G0277719,54.5589,53.4884,1.9746,0.3277,Dictyostelium discoideum AX4
DDB_G0277741,DDB_G0277739,97.4359,97.4359,0.1276,0.0115,Dictyostelium discoideum AX4
DDB_G0277753,DDB_G0277809,53.2189,54.1485,1.422,0.3198,Dictyostelium discoideum AX4
DDB_G0277969,DDB_G0293114,97.066,97.066,0.1602,0.0116,Dictyostelium discoideum AX4
DDB_G0278079,DDB_G0278593,51.6035,49.3036,1.378,0.4008,Dictyostelium discoideum AX4
DDB_G0277869,DDB_G0268622,93.299,93.299,1.6207,0.0394,Dictyostelium
DDB_G0277853,DDB_G0269132,65.2422,40.1754,1.5519,0.2749,Dictyostelium
DDB_G0277833,DDB_G0291970,100.0,100.0,0.0,0.0,Dictyostelium discoideum AX4
DDB_G0278647,DDB_G0278279,66.6667,66.6667,2.8181,0.1898,Dictyostelium discoideum AX4
DDB_G0278439,DDB_G0278423,86.9863,86.9863,0.3352,0.0601,Dictyostelium discoideum AX4
DDB_G0278699,DDB_G0292058,67.4503,66.9659,2.09,0.2051,Dictyostelium discoideum AX4
DDB_G0278559,DDB_G0278553,42.5676,43.75,0.7629,0.4921,Dictyostelium discoideum AX4
DDB_G0278565,DDB_G0278557,100.0,100.0,0.0,0.0,Dictyostelium discoideum AX4
DDB_G0278735,DDB_G0278823,66.2921,61.7801,1.6427,0.2266,Dictyostelium discoideum AX4
DDB_G0278865,DDB_G0274655,45.6693,59.1837,2.0473,0.2364,Dictyostelium discoideum AX4
DDB_G0278999,DDB_G0278997,86.9416,86.9416,0.1347,0.0585,Dictyostelium discoideum AX4
DDB_G0279119,DDB_G0288745,82.6291,83.0189,0.0554,0.082,Dictyostelium discoideum AX4
DDB_G0279185,DDB_G0279187,68.6957,72.8111,0.4674,0.2143,Dictyostelium discoideum AX4
DDB_G0279289,DDB_G0272781,81.1245,81.1245,1.794,0.0902,Dictyostelium discoideum AX4
DDB_G0279297,DDB_G0269820,84.6154,90.5882,0.1593,0.0422,Dictyostelium discoideum AX4
DDB_G0279191,DDB_G0279307,79.8635,79.0541,0.5002,0.1219,Dictyostelium discoideum AX4
DDB_G0279355,DDB_G0279353,68.4615,70.0787,0.9867,0.1916,Dictyostelium discoideum AX4
DDB_G0279577,DDB_G0279573,60.4945,74.0324,0.5702,0.1548,Dictyostelium discoideum AX4
DDB_G0279623,DDB_G0279619,81.7143,88.2716,0.6332,0.0522,Dictyostelium discoideum AX4
DDB_G0279683,DDB_G0294567,77.0563,65.4412,0.7352,0.1248,Dictyostelium discoideum AX4
DDB_G0279709,DDB_G0295799,80.4,80.0797,1.6936,0.1252,Dictyostelium discoideum AX4
DDB_G0279789,DDB_G0279787,33.1683,34.1837,1.6367,0.6146,Dictyostelium discoideum AX4
DDB_G0279757,DDB_G0293236,46.2415,62.4615,2.582,0.2213,Dictyostelium discoideum AX4
DDB_G0279817,DDB_G0278503,76.0181,75.6757,0.8918,0.1572,Dictyostelium discoideum AX4
DDB_G0279859,DDB_G0279857,43.9963,84.1367,0.4224,0.0914,Dictyostelium discoideum AX4
DDB_G0279887,DDB_G0292514,100.0,100.0,0.0,0.0,Dictyostelium discoideum AX4
DDB_G0279899,DDB_G0279897,87.3995,87.3995,0.0771,0.0653,Dictyostelium discoideum AX4
DDB_G0279957,DDB_G0279953,44.7537,44.8498,2.7213,0.4289,Dictyostelium discoideum AX4
DDB_G0280003,DDB_G0280001,91.4365,89.7019,0.0981,0.0394,Dictyostelium discoideum AX4
DDB_G0280075,DDB_G0267762,60.1103,61.9318,1.0318,0.2242,Dictyostelium discoideum AX4
DDB_G0280061,DDB_G0290363,47.5248,50.5263,1.5421,0.4267,Dictyostelids
DDB_G0280157,DDB_G0280149,63.8066,60.9993,1.3024,0.2388,Dictyostelium discoideum AX4
DDB_G0280199,DDB_G0288715,71.7063,71.8615,2.8959,0.1639,Dictyostelium discoideum AX4
DDB_G0280255,DDB_G0290207,50.6394,59.4595,1.9129,0.3056,Eukaryota
DDB_G0294473,DDB_G0280245,98.0892,98.0892,0.1967,0.0079,Dictyostelium discoideum AX4
DDB_G0280277,DDB_G0294499,98.0892,98.0892,0.0442,0.0077,Dictyostelium discoideum AX4
DDB_G0280043,DDB_G0276399,87.6847,85.5769,0.2297,0.0638,Dictyostelium discoideum AX4
DDB_G0280539,DDB_G0280055,65.896,67.5556,1.5087,0.211,Dictyostelium discoideum AX4
DDB_G0280633,DDB_G0280621,94.1489,94.1489,0.1178,0.0236,Dictyostelium discoideum AX4
DDB_G0280635,DDB_G0291454,69.7987,70.5085,0.4779,0.1551,Dictyostelium discoideum AX4
DDB_G0280543,DDB_G0280533,98.75,98.75,0.0,0.0053,Dictyostelium discoideum AX4
DDB_G0280689,DDB_G0271556,55.7062,54.6563,1.1854,0.3344,Dictyostelium discoideum AX4
DDB_G0280733,DDB_G0280727,97.2,96.8128,0.1059,0.014,Dictyostelium discoideum AX4
DDB_G0280755,DDB_G0276765,59.7403,71.875,1.5755,0.1025,Eukaryota
DDB_G0280775,DDB_G0293226,37.4761,41.791,2.563,0.5118,Eukaryota
DDB_G0280787,DDB_G0280785,88.8889,92.3077,0.0861,0.0345,Dictyostelium discoideum AX4
DDB_G0280847,DDB_G0280871,90.7216,89.7959,0.1392,0.0305,Dictyostelium discoideum AX4
DDB_G0280881,DDB_G0274223,88.0769,88.0769,0.5572,0.0606,Dictyostelium discoideum AX4
DDB_G0280949,DDB_G0280933,97.9592,95.0495,0.2018,0.0088,Dictyostelium discoideum AX4
DDB_G0280951,DDB_G0280927,95.9184,94.9495,0.2899,0.0172,Dictyostelium discoideum AX4
DDB_G0280953,DDB_G0280929,96.0,96.9697,0.2199,0.0125,Dictyostelium discoideum AX4
DDB_G0281017,DDB_G0281013,94.6809,94.6809,0.0539,0.0216,Dictyostelium discoideum AX4
DDB_G0281021,DDB_G0276225,56.0976,55.6452,2.396,0.31,Dictyostelium discoideum AX4
DDB_G0281055,DDB_G0281053,66.5505,66.5505,0.9717,0.255,Dictyostelium discoideum AX4
DDB_G0281079,DDB_G0281077,93.3535,93.0723,0.0653,0.0287,Dictyostelium discoideum AX4
DDB_G0281301,DDB_G0281095,68.4594,78.8038,0.2897,0.1029,Dictyostelium discoideum AX4
DDB_G0281115,DDB_G0280725,98.3051,98.3051,0.2691,0.0068,Dictyostelium discoideum AX4
DDB_G0281131,DDB_G0281121,98.3936,98.3936,0.0829,0.008,Dictyostelium discoideum AX4
DDB_G0281197,DDB_G0281191,94.9153,94.9153,0.1041,0.0223,Dictyostelium discoideum AX4
DDB_G0281201,DDB_G0281187,99.6403,99.6403,0.1462,0.0014,Dictyostelium discoideum AX4
DDB_G0281273,DDB_G0275975,61.8421,61.039,0.4115,0.2389,Dictyostelium discoideum AX4
DDB_G0280977,DDB_G0280973,85.8655,85.1574,0.3857,0.0762,Dictyostelium discoideum AX4
DDB_G0281399,DDB_G0267624,98.6111,98.6111,0.029,0.0059,Dictyostelium discoideum AX4
DDB_G0281407,DDB_G0280531,69.8538,70.1695,0.4284,0.1698,Dictyostelium discoideum AX4
DDB_G0281423,DDB_G0281421,66.1914,65.5242,0.5668,0.2145,Dictyostelium discoideum AX4
DDB_G0281475,DDB_G0272859,69.4463,69.4231,1.6015,0.1666,Dictyostelium discoideum AX4
DDB_G0281611,DDB_G0291826,43.75,66.0377,1.0463,0.3517,Dictyostelium discoideum AX4
DDB_G0281617,DDB_G0281613,99.2806,99.2806,0.0504,0.0029,Dictyostelium discoideum AX4
DDB_G0281697,DDB_G0292486,93.4783,54.4304,0.0831,0.0348,Dictyostelium discoideum AX4
DDB_G0281757,DDB_G0281753,52.7778,56.7164,0.3244,0.3877,Dictyostelium discoideum AX4
DDB_G0281781,DDB_G0281817,44.0239,35.6452,2.7155,0.5213,Dictyostelium discoideum AX4
DDB_G0281833,DDB_G0290547,60.5442,57.7922,2.3944,0.3142,Eukaryota
DDB_G0281915,DDB_G0281417,41.5842,74.1176,0.5762,0.1307,Dictyostelium discoideum AX4
DDB_G0282029,DDB_G0282027,93.8805,93.8467,0.1279,0.0276,Dictyostelium discoideum AX4
DDB_G0282039,DDB_G0282037,82.2581,80.9524,0.3783,0.0807,Dictyostelium discoideum AX4
DDB_G0282147,DDB_G0294553,52.0697,51.1777,2.2847,0.3567,Dictyostelium
DDB_G0282175,DDB_G0272150,60.5364,61.5584,2.6142,0.2801,Dictyostelium discoideum AX4
DDB_G0282179,DDB_G0282177,51.0067,52.4138,2.8099,0.3684,Dictyostelium discoideum AX4
DDB_G0282319,DDB_G0282315,97.7011,97.7011,0.2154,0.0101,Dictyostelium discoideum AX4
DDB_G0282333,DDB_G0282329,39.0625,56.0538,0.3856,0.2413,Dictyostelium discoideum AX4
DDB_G0282493,DDB_G0268664,34.9765,34.0183,1.717,0.5744,Eukaryota
DDB_G0282369,DDB_G0279721,99.4751,99.4751,0.99,0.0032,Dictyostelium discoideum AX4
DDB_G0282557,DDB_G0282555,53.8043,51.3841,2.2871,0.3267,Dictyostelium discoideum AX4
DDB_G0282643,DDB_G0280185,32.853,30.1587,2.8185,0.7183,Dictyostelium discoideum AX4
DDB_G0282701,DDB_G0282699,56.1097,64.6552,0.353,0.1912,Dictyostelium discoideum AX4
DDB_G0282815,DDB_G0282737,84.8592,84.8592,0.0944,0.0852,Dictyostelium discoideum AX4
DDB_G0282827,DDB_G0282719,73.445,61.7706,0.154,0.1349,Dictyostelium discoideum AX4
DDB_G0282905,DDB_G0282893,80.5063,89.3258,0.1068,0.049,Dictyostelium discoideum AX4
DDB_G0282985,DDB_G0271458,48.7636,53.8798,0.7987,0.3173,Dictyostelium discoideum AX4
DDB_G0283023,DDB_G0282987,77.0492,83.5556,0.1903,0.0753,Dictyostelium discoideum AX4
DDB_G0283093,DDB_G0283091,92.2078,95.302,0.0216,0.02,Dictyostelium discoideum AX4
DDB_G0283085,DDB_G0276969,98.8785,98.8785,0.0323,0.0046,Dictyostelium discoideum AX4
DDB_G0283125,DDB_G0277083,93.8017,93.8017,0.0398,0.0283,Dictyostelium discoideum AX4
DDB_G0283231,DDB_G0283101,68.0365,60.5691,0.6143,0.2082,Dictyostelium discoideum AX4
DDB_G0283243,DDB_G0283227,68.0412,68.3938,0.5063,0.1915,Dictyostelium discoideum AX4
DDB_G0283153,DDB_G0283083,90.1235,90.1235,0.0346,0.0478,Dictyostelium discoideum AX4
DDB_G0283335,DDB_G0283249,92.3709,92.0468,0.1585,0.0366,Dictyostelium discoideum AX4
DDB_G0283389,DDB_G0280059,55.0,62.6186,2.1131,0.2868,Dictyostelium discoideum AX4
DDB_G0283507,DDB_G0283501,96.4912,96.4912,0.096,0.0153,Dictyostelium discoideum AX4
DDB_G0283511,DDB_G0283505,100.0,100.0,0.0,0.0,Dictyostelium discoideum AX4
DDB_G0283611,DDB_G0283645,83.6257,82.1839,0.1345,0.0886,Dictyostelium discoideum AX4
DDB_G0283613,DDB_G0283609,66.8639,68.0723,0.3109,0.2031,Dictyostelium discoideum AX4
DDB_G0283653,DDB_G0283651,92.1569,91.7073,0.21,0.0391,Dictyostelium discoideum AX4
DDB_G0283707,DDB_G0293610,90.5325,90.5325,0.5435,0.0499,Dictyostelium discoideum AX4
DDB_G0283713,DDB_G0283711,96.4706,95.3488,0.0963,0.0212,Dictyostelium discoideum AX4
DDB_G0283723,DDB_G0283721,89.5748,89.5748,0.3656,0.0499,Dictyostelium discoideum AX4
DDB_G0283783,DDB_G0293116,41.0596,41.6107,1.9951,0.5903,Dictyostelium discoideum AX4
DDB_G0283787,DDB_G0283853,78.6624,46.4286,0.5556,0.1198,Dictyostelium discoideum AX4
DDB_G0283757,DDB_G0277867,68.932,70.297,1.7354,0.1978,Dictyostelids
DDB_G0283913,DDB_G0283911,57.0946,50.6747,2.6878,0.2959,Dictyostelium discoideum AX4
DDB_G0283931,DDB_G0284001,96.3185,96.3185,0.0733,0.0158,Dictyostelium discoideum AX4
DDB_G0283933,DDB_G0283929,96.8944,96.8944,0.051,0.0129,Dictyostelium discoideum AX4
DDB_G0284085,DDB_G0284083,74.0964,67.3973,0.7533,0.1424,Dictyostelium discoideum AX4
DDB_G0284111,DDB_G0284109,97.5806,97.5806,0.2494,0.0108,Dictyostelium discoideum AX4
DDB_G0284209,DDB_G0284207,96.1404,94.1581,0.2521,0.014,Dictyostelium discoideum AX4
DDB_G0284339,DDB_G0284043,30.0766,53.5836,2.1456,0.3375,Dictyostelium discoideum AX4
DDB_G0284395,DDB_G0284393,88.0392,83.6127,0.0931,0.0559,Dictyostelium discoideum AX4
DDB_G0284549,DDB_G0284479,82.6255,82.9457,0.374,0.0907,Dictyostelium discoideum AX4
DDB_G0284505,DDB_G0284551,48.8172,49.1342,2.3293,0.3797,Dictyostelium discoideum AX4
DDB_G0284529,DDB_G0284527,85.8586,86.0324,0.1995,0.0685,Dictyostelium discoideum AX4
DDB_G0284531,DDB_G0284497,68.6274,68.9655,2.699,0.1798,Dictyostelium discoideum AX4
DDB_G0284579,DDB_G0279759,52.8244,45.288,2.8475,0.3258,Dictyostelium discoideum AX4
DDB_G0284631,DDB_G0284629,85.7143,85.7143,0.4238,0.0797,Dictyostelium discoideum AX4
DDB_G0284745,DDB_G0284743,90.5626,90.5626,0.1691,0.0474,Dictyostelium discoideum AX4
DDB_G0284755,DDB_G0284753,69.181,67.8647,0.7969,0.1985,Dictyostelium discoideum AX4
DDB_G0284765,DDB_G0272773,55.122,55.3922,1.6805,0.3379,Dictyostelium discoideum AX4
DDB_G0285037,DDB_G0284877,49.0385,53.6842,0.4527,0.1364,Dictyostelium discoideum AX4
DDB_G0285053,DDB_G0268058,70.0935,72.3473,1.6197,0.1664,Dictyostelium discoideum AX4
DDB_G0285041,DDB_G0284901,83.4951,83.4951,0.4622,0.0834,Dictyostelium discoideum AX4
DDB_G0285043,DDB_G0284927,100.0,100.0,0.0,0.0,Dictyostelium discoideum AX4
DDB_G0284999,DDB_G0288091,64.6209,64.6209,2.1626,0.2561,Dictyostelium discoideum AX4
DDB_G0285005,DDB_G0285003,63.7255,67.1835,1.7652,0.1796,Dictyostelium discoideum AX4
DDB_G0285151,DDB_G0271150,52.6946,44.4444,0.5161,0.2914,Dictyostelium discoideum AX4
DDB_G0285173,DDB_G0285169,77.6358,79.8467,0.22,0.0879,Dictyostelium discoideum AX4
DDB_G0285299,DDB_G0277515,62.963,59.375,2.6619,0.2668,Dictyostelium discoideum AX4
DDB_G0285441,DDB_G0288841,100.0,100.0,0.0,0.0,Dictyostelium discoideum AX4
DDB_G0285737,DDB_G0293890,100.0,100.0,0.0,0.0,Dictyostelium discoideum AX4
DDB_G0285617,DDB_G0285769,79.9578,79.6218,0.3831,0.1362,Dictyostelium discoideum AX4
DDB_G0285627,DDB_G0285771,88.2979,87.7378,0.1486,0.0578,Dictyostelium discoideum AX4
DDB_G0285629,DDB_G0285623,91.3534,91.3534,0.2458,0.0391,Dictyostelium discoideum AX4
DDB_G0285775,DDB_G0285773,87.013,91.6239,0.105,0.0407,Dictyostelium discoideum AX4
DDB_G0285667,DDB_G0285665,77.5,80.284,0.2942,0.1204,Dictyostelium discoideum AX4
DDB_G0285695,DDB_G0274617,60.381,60.6119,2.3772,0.2658,Dictyostelium discoideum AX4
DDB_G0285817,DDB_G0285793,71.831,71.831,1.3802,0.1681,Dictyostelium discoideum AX4
DDB_G0285941,DDB_G0278213,48.7472,46.2203,1.7313,0.4755,Dictyostelium
DDB_G0285981,DDB_G0285975,78.2988,86.4019,0.2417,0.0952,Dictyostelium discoideum AX4
DDB_G0285987,DDB_G0276793,71.8535,73.0233,0.5526,0.1389,Dictyostelium discoideum AX4
DDB_G0286039,DDB_G0282767,67.4221,66.1111,2.0388,0.2225,Dictyostelium discoideum AX4
DDB_G0286145,DDB_G0286143,74.7093,68.5333,0.4881,0.1396,Dictyostelium discoideum AX4
DDB_G0286157,DDB_G0272288,99.1477,99.1477,0.0037,0.0039,Dictyostelium discoideum AX4
DDB_G0295733,DDB_G0289161,60.1266,59.7484,2.6882,0.2601,Dictyostelium discoideum AX4
DDB_G0286193,DDB_G0283421,100.0,100.0,0.0,0.0,Dictyostelium discoideum AX4
DDB_G0286329,DDB_G0286209,76.7905,68.1176,0.4251,0.1312,Dictyostelium discoideum AX4
DDB_G0286259,DDB_G0291261,47.027,48.8764,2.6078,0.4196,Dictyostelium
DDB_G0286267,DDB_G0286265,64.6512,65.566,0.5568,0.225,Dictyostelium discoideum AX4
DDB_G0286319,DDB_G0275225,30.1887,77.4194,0.4312,0.1177,Dictyostelium discoideum AX4
DDB_G0286587,DDB_G0286585,60.5,77.5641,0.1694,0.1402,Dictyostelium discoideum AX4
DDB_G0286609,DDB_G0286607,80.0681,81.3149,0.4046,0.103,Dictyostelium discoideum AX4
DDB_G0286643,DDB_G0269386,69.8864,65.6876,1.4226,0.1974,Dictyostelium discoideum AX4
DDB_G0286659,DDB_G0286657,51.0,41.8033,2.056,0.3429,Dictyostelium discoideum AX4
DDB_G0286663,DDB_G0286649,81.25,84.7826,0.4557,0.0776,Dictyostelium discoideum AX4
DDB_G0286667,DDB_G0277233,87.3563,86.3636,0.5204,0.0833,Dictyostelium discoideum AX4
DDB_G0286711,DDB_G0286709,55.0532,50.365,2.1386,0.3358,Dictyostelium discoideum AX4
DDB_G0286741,DDB_G0287705,41.2869,36.7542,2.9668,0.503,Dictyostelium discoideum AX4
DDB_G0286843,DDB_G0280639,49.0385,42.9775,0.9413,0.4049,Dictyostelium discoideum AX4
DDB_G0286861,DDB_G0286845,99.6599,99.6599,0.0239,0.0014,Dictyostelium discoideum AX4
DDB_G0286963,DDB_G0286933,72.029,67.1622,0.6068,0.1415,Dictyostelium discoideum AX4
DDB_G0286955,DDB_G0287215,65.6757,64.9733,0.5945,0.2121,Dictyostelium discoideum AX4
DDB_G0286983,DDB_G0286911,56.6,56.6,1.4934,0.3249,Dictyostelium discoideum AX4
DDB_G0287015,DDB_G0277895,30.719,34.3066,1.7147,0.577,Eukaryota
DDB_G0287047,DDB_G0286957,98.7805,98.7805,0.0984,0.0051,Dictyostelium discoideum AX4
DDB_G0287033,DDB_G0282539,55.8226,56.7669,1.929,0.3124,Dictyostelium
DDB_G0287083,DDB_G0275143,41.1585,46.2329,2.2497,0.3998,Dictyostelium discoideum AX4
DDB_G0287085,DDB_G0267610,72.9642,71.1111,0.9748,0.1485,Dictyostelium discoideum AX4
DDB_G0287095,DDB_G0287119,78.106,81.0924,0.4659,0.1011,Dictyostelium discoideum AX4
DDB_G0287099,DDB_G0289835,47.234,50.0,2.2159,0.3276,Eukaryota
DDB_G0287167,DDB_G0293664,57.5333,57.1329,2.1722,0.2806,Dictyostelium discoideum AX4
DDB_G0287185,DDB_G0270454,90.0662,90.0662,0.1687,0.0399,Dictyostelium discoideum AX4
